"value","fold","epoch","set","metric"
1.652486531161265,1,1,"train","loss"
0.4287891986062718,1,1,"train","accuracy"
0.4338672330859172,1,1,"train","f1"
1.6194645033942328,1,1,"val","loss"
0.4140625,1,1,"val","accuracy"
0.41669562524265163,1,1,"val","f1"
1.2189391735123425,1,2,"train","loss"
0.600609756097561,1,2,"train","accuracy"
0.6041358110117389,1,2,"train","f1"
1.5011411044332716,1,2,"val","loss"
0.4487847222222222,1,2,"val","accuracy"
0.45830217267842444,1,2,"val","f1"
1.054342143626994,1,3,"train","loss"
0.6533101045296167,1,3,"train","accuracy"
0.6566061431520557,1,3,"train","f1"
1.473990559577942,1,3,"val","loss"
0.4947916666666667,1,3,"val","accuracy"
0.4951757510084717,1,3,"val","f1"
0.9347562135719671,1,4,"train","loss"
0.6957752613240418,1,4,"train","accuracy"
0.6981208557786366,1,4,"train","f1"
1.4374392761124506,1,4,"val","loss"
0.4869791666666667,1,4,"val","accuracy"
0.49526029985910963,1,4,"val","f1"
0.843650795026108,1,5,"train","loss"
0.7312717770034843,1,5,"train","accuracy"
0.7335882198214085,1,5,"train","f1"
1.4239563875728183,1,5,"val","loss"
0.4947916666666667,1,5,"val","accuracy"
0.5006008151990986,1,5,"val","f1"
0.7768829971655736,1,6,"train","loss"
0.7593641114982579,1,6,"train","accuracy"
0.760974706450173,1,6,"train","f1"
1.4327754577000935,1,6,"val","loss"
0.4861111111111111,1,6,"val","accuracy"
0.4916305695750989,1,6,"val","f1"
0.728901815331356,1,7,"train","loss"
0.7672038327526133,1,7,"train","accuracy"
0.7688008851844513,1,7,"train","f1"
1.4498476617866092,1,7,"val","loss"
0.4835069444444444,1,7,"val","accuracy"
0.49282540005296027,1,7,"val","f1"
0.6870447567531041,1,8,"train","loss"
0.7820121951219512,1,8,"train","accuracy"
0.7830307422767763,1,8,"train","f1"
1.45621344115999,1,8,"val","loss"
0.4947916666666667,1,8,"val","accuracy"
0.5042285512511153,1,8,"val","f1"
0.6491706551990443,1,9,"train","loss"
0.7998693379790941,1,9,"train","accuracy"
0.80101995495684,1,9,"train","f1"
1.4567647145854101,1,9,"val","loss"
0.5008680555555556,1,9,"val","accuracy"
0.5037159997775701,1,9,"val","f1"
0.6131791329134632,1,10,"train","loss"
0.8144599303135889,1,10,"train","accuracy"
0.8149038051721519,1,10,"train","f1"
1.4674558341503143,1,10,"val","loss"
0.4930555555555556,1,10,"val","accuracy"
0.5006239854562955,1,10,"val","f1"
1.6563392890039637,2,1,"train","loss"
0.4377177700348432,2,1,"train","accuracy"
0.4428081154377142,2,1,"train","f1"
1.597773512204488,2,1,"val","loss"
0.3871527777777778,2,1,"val","accuracy"
0.3988683098748812,2,1,"val","f1"
1.2254318277179572,2,2,"train","loss"
0.6108449477351916,2,2,"train","accuracy"
0.6165744574051069,2,2,"train","f1"
1.506059295601315,2,2,"val","loss"
0.4097222222222222,2,2,"val","accuracy"
0.41743779565869443,2,2,"val","f1"
1.040365112783186,2,3,"train","loss"
0.6753048780487805,2,3,"train","accuracy"
0.6797932161438095,2,3,"train","f1"
1.4755396644274394,2,3,"val","loss"
0.4105902777777778,2,3,"val","accuracy"
0.4186151504467678,2,3,"val","f1"
0.9299460715948497,2,4,"train","loss"
0.7164634146341463,2,4,"train","accuracy"
0.7199712934672444,2,4,"train","f1"
1.448230915599399,2,4,"val","loss"
0.4401041666666667,2,4,"val","accuracy"
0.44758125203487203,2,4,"val","f1"
0.8547112360233213,2,5,"train","loss"
0.7306184668989547,2,5,"train","accuracy"
0.7336446532295573,2,5,"train","f1"
1.4364021685388353,2,5,"val","loss"
0.4444444444444444,2,5,"val","accuracy"
0.4543969478369486,2,5,"val","f1"
0.7882300804301006,2,6,"train","loss"
0.7565331010452961,2,6,"train","accuracy"
0.7588177897079801,2,6,"train","f1"
1.4504613015386794,2,6,"val","loss"
0.4418402777777778,2,6,"val","accuracy"
0.45214993768203093,2,6,"val","f1"
0.7356276217237998,2,7,"train","loss"
0.7608885017421603,2,7,"train","accuracy"
0.76319345833489,2,7,"train","f1"
1.451591518190172,2,7,"val","loss"
0.4427083333333333,2,7,"val","accuracy"
0.4537712839760515,2,7,"val","f1"
0.6904782021502585,2,8,"train","loss"
0.7839721254355401,2,8,"train","accuracy"
0.7857167176962607,2,8,"train","f1"
1.4444793197843764,2,8,"val","loss"
0.4487847222222222,2,8,"val","accuracy"
0.4625955072119261,2,8,"val","f1"
0.6442929805363512,2,9,"train","loss"
0.8009581881533101,2,9,"train","accuracy"
0.802746311887128,2,9,"train","f1"
1.459373242325253,2,9,"val","loss"
0.4453125,2,9,"val","accuracy"
0.4537784020402486,2,9,"val","f1"
0.6193264027090438,2,10,"train","loss"
0.806184668989547,2,10,"train","accuracy"
0.807532072142922,2,10,"train","f1"
1.4637025660938687,2,10,"val","loss"
0.4548611111111111,2,10,"val","accuracy"
0.4659191012312701,2,10,"val","f1"
1.6683237091589473,3,1,"train","loss"
0.4172473867595819,3,1,"train","accuracy"
0.42201949449460424,3,1,"train","f1"
1.5968252552880182,3,1,"val","loss"
0.4088541666666667,3,1,"val","accuracy"
0.4126699061986135,3,1,"val","f1"
1.2330799663523764,3,2,"train","loss"
0.6104094076655052,3,2,"train","accuracy"
0.6162788967893349,3,2,"train","f1"
1.5357213550143771,3,2,"val","loss"
0.4140625,3,2,"val","accuracy"
0.41442975236914886,3,2,"val","f1"
1.0473155555824785,3,3,"train","loss"
0.663109756097561,3,3,"train","accuracy"
0.6688123823244604,3,3,"train","f1"
1.5299640397230785,3,3,"val","loss"
0.4270833333333333,3,3,"val","accuracy"
0.4320843008452507,3,3,"val","f1"
0.9327726640352388,3,4,"train","loss"
0.7051393728222997,3,4,"train","accuracy"
0.7091290258604542,3,4,"train","f1"
1.5255872905254364,3,4,"val","loss"
0.4375,3,4,"val","accuracy"
0.4358459366451095,3,4,"val","f1"
0.8494267064935239,3,5,"train","loss"
0.7367160278745645,3,5,"train","accuracy"
0.739617332903916,3,5,"train","f1"
1.5372880862818823,3,5,"val","loss"
0.4244791666666667,3,5,"val","accuracy"
0.4330085998107843,3,5,"val","f1"
0.7848649702005686,3,6,"train","loss"
0.7454268292682927,3,6,"train","accuracy"
0.7484869528732035,3,6,"train","f1"
1.5629380146662395,3,6,"val","loss"
0.4444444444444444,3,6,"val","accuracy"
0.4450692669845087,3,6,"val","f1"
0.7331424833174782,3,7,"train","loss"
0.7737369337979094,3,7,"train","accuracy"
0.7763052374387681,3,7,"train","f1"
1.562792072693507,3,7,"val","loss"
0.4470486111111111,3,7,"val","accuracy"
0.4440676188636402,3,7,"val","f1"
0.6765494307159131,3,8,"train","loss"
0.7931184668989547,3,8,"train","accuracy"
0.7951488589700425,3,8,"train","f1"
1.6014239423804812,3,8,"val","loss"
0.4496527777777778,3,8,"val","accuracy"
0.4501491345969215,3,8,"val","f1"
0.6458394247065022,3,9,"train","loss"
0.805095818815331,3,9,"train","accuracy"
0.806734732926894,3,9,"train","f1"
1.5992367267608643,3,9,"val","loss"
0.4409722222222222,3,9,"val","accuracy"
0.4390450793592684,3,9,"val","f1"
0.6169400271222982,3,10,"train","loss"
0.8083623693379791,3,10,"train","accuracy"
0.8095777834003927,3,10,"train","f1"
1.6067801978853014,3,10,"val","loss"
0.4557291666666667,3,10,"val","accuracy"
0.4560353086240452,3,10,"val","f1"
1.6738970317076307,4,1,"train","loss"
0.4181184668989547,4,1,"train","accuracy"
0.4265082859060282,4,1,"train","f1"
1.4851016402244568,4,1,"val","loss"
0.5121527777777778,4,1,"val","accuracy"
0.5152391839703251,4,1,"val","f1"
1.2504005648117862,4,2,"train","loss"
0.5945121951219512,4,2,"train","accuracy"
0.6010277489655659,4,2,"train","f1"
1.3716162873639002,4,2,"val","loss"
0.5095486111111112,4,2,"val","accuracy"
0.5172682854254173,4,2,"val","f1"
1.080590457866416,4,3,"train","loss"
0.6524390243902439,4,3,"train","accuracy"
0.6563373694879866,4,3,"train","f1"
1.320393916633394,4,3,"val","loss"
0.5173611111111112,4,3,"val","accuracy"
0.5254843492157739,4,3,"val","f1"
0.9547179152325886,4,4,"train","loss"
0.6925087108013938,4,4,"train","accuracy"
0.6952540285030311,4,4,"train","f1"
1.3149830102920532,4,4,"val","loss"
0.5173611111111112,4,4,"val","accuracy"
0.5240180406614754,4,4,"val","f1"
0.8668406202818043,4,5,"train","loss"
0.7216898954703833,4,5,"train","accuracy"
0.7235223990563656,4,5,"train","f1"
1.3032011058595445,4,5,"val","loss"
0.5217013888888888,4,5,"val","accuracy"
0.5308811759436591,4,5,"val","f1"
0.8038059664104874,4,6,"train","loss"
0.7380226480836237,4,6,"train","accuracy"
0.7407502158901148,4,6,"train","f1"
1.3134875198205311,4,6,"val","loss"
0.5234375,4,6,"val","accuracy"
0.5270281458440371,4,6,"val","f1"
0.7323251507838844,4,7,"train","loss"
0.7687282229965157,4,7,"train","accuracy"
0.7703513992333186,4,7,"train","f1"
1.335298306412167,4,7,"val","loss"
0.5086805555555556,4,7,"val","accuracy"
0.5186063356849642,4,7,"val","f1"
0.6993468322820364,4,8,"train","loss"
0.7802700348432056,4,8,"train","accuracy"
0.7816570510651569,4,8,"train","f1"
1.3376370436615415,4,8,"val","loss"
0.5138888888888888,4,8,"val","accuracy"
0.5206920382506323,4,8,"val","f1"
0.6745352877972434,4,9,"train","loss"
0.7865853658536586,4,9,"train","accuracy"
0.7877912141078737,4,9,"train","f1"
1.3426208595434825,4,9,"val","loss"
0.5043402777777778,4,9,"val","accuracy"
0.5117688499970572,4,9,"val","f1"
0.6310411180768695,4,10,"train","loss"
0.8024825783972126,4,10,"train","accuracy"
0.8034486590237332,4,10,"train","f1"
1.3710838324493833,4,10,"val","loss"
0.5199652777777778,4,10,"val","accuracy"
0.5267993395028593,4,10,"val","f1"
1.6544563389486737,5,1,"train","loss"
0.4437934027777778,5,1,"train","accuracy"
0.4469693162964329,5,1,"train","f1"
1.5768359311869447,5,1,"val","loss"
0.4014084507042254,5,1,"val","accuracy"
0.4159711606698831,5,1,"val","f1"
1.2223004698753357,5,2,"train","loss"
0.6011284722222222,5,2,"train","accuracy"
0.6058999952356553,5,2,"train","f1"
1.4757334430452804,5,2,"val","loss"
0.43133802816901406,5,2,"val","accuracy"
0.4413801475852968,5,2,"val","f1"
1.034718936516179,5,3,"train","loss"
0.6666666666666666,5,3,"train","accuracy"
0.6704107639895116,5,3,"train","f1"
1.4652168465332247,5,3,"val","loss"
0.44014084507042256,5,3,"val","accuracy"
0.4521131162664697,5,3,"val","f1"
0.9192308518621657,5,4,"train","loss"
0.7061631944444444,5,4,"train","accuracy"
0.7083514528695736,5,4,"train","f1"
1.446886314472682,5,4,"val","loss"
0.4735915492957746,5,4,"val","accuracy"
0.48535265543953415,5,4,"val","f1"
0.8378606703546312,5,5,"train","loss"
0.7354600694444444,5,5,"train","accuracy"
0.7375479949387616,5,5,"train","f1"
1.4327175298207242,5,5,"val","loss"
0.4639084507042254,5,5,"val","accuracy"
0.47329847241428946,5,5,"val","f1"
0.7817815600170029,5,6,"train","loss"
0.7497829861111112,5,6,"train","accuracy"
0.7524465568810458,5,6,"train","f1"
1.447666435174539,5,6,"val","loss"
0.4630281690140845,5,6,"val","accuracy"
0.4714059065067883,5,6,"val","f1"
0.7212397439612283,5,7,"train","loss"
0.7697482638888888,5,7,"train","accuracy"
0.7706374500390538,5,7,"train","f1"
1.4425528855390952,5,7,"val","loss"
0.46830985915492956,5,7,"val","accuracy"
0.4786867621042351,5,7,"val","f1"
0.6867127757933404,5,8,"train","loss"
0.7740885416666666,5,8,"train","accuracy"
0.7755138414422044,5,8,"train","f1"
1.440604458392506,5,8,"val","loss"
0.47183098591549294,5,8,"val","accuracy"
0.48136226026942486,5,8,"val","f1"
0.6288118527995216,5,9,"train","loss"
0.8053385416666666,5,9,"train","accuracy"
0.8057043743438784,5,9,"train","f1"
1.4562635186692359,5,9,"val","loss"
0.4586267605633803,5,9,"val","accuracy"
0.4664146092963188,5,9,"val","f1"
0.6019993883868059,5,10,"train","loss"
0.8068576388888888,5,10,"train","accuracy"
0.8075601360027647,5,10,"train","f1"
1.4603405032359378,5,10,"val","loss"
0.4612676056338028,5,10,"val","accuracy"
0.464677281980921,5,10,"val","f1"
